"Date","MONOPOLY GO! Downloads","Pokémon GO Downloads","Stumble Guys Downloads","Scrabble GO Downloads","MARVEL Strike Force Downloads","Yahtzee with Buddies Dice Downloads","Tiki Solitaire TriPeaks Downloads","Garden Joy: Design Game Downloads","Wheel of Fortune Downloads","Other Downloads"
"2024-01-01","129,230","14,319","21,129","7,520","7,082","9,308","6,942","1,547","3,304","17,517"
"2024-01-02","128,738","11,747","16,095","7,074","5,522","5,550","5,926","1,544","3,280","13,452"
"2024-01-03","130,313","10,816","13,359","6,890","5,198","7,911","5,611","1,678","3,727","12,254"
"2024-01-04","129,122","10,419","12,492","6,800","5,028","5,040","4,987","1,693","4,127","10,672"
"2024-01-05","121,448","11,761","14,457","7,210","5,602","5,379","6,372","1,784","3,908","11,114"
"2024-01-06","131,499","15,353","17,445","8,702","6,864","6,546","4,098","2,161","5,387","12,231"
"2024-01-07","121,861","14,469","15,584","8,073","6,488","6,087","6,782","2,096","4,634","11,965"
"2024-01-08","120,785","10,160","10,608","6,764","4,479","5,264","3,075","1,858","3,744","10,542"
"2024-01-09","121,452","10,352","10,699","6,755","4,437","5,442","3,060","2,133","4,198","11,128"
"2024-01-10","120,068","8,832","10,156","6,714","3,661","4,930","2,862","2,041","4,056","10,665"
"2024-01-11","111,446","9,120","12,265","6,427","4,733","4,584","2,804","1,878","4,140","9,647"
"2024-01-12","121,797","10,670","18,740","7,473","5,668","5,092","3,119","1,976","5,512","11,114"
"2024-01-13","131,784","15,038","26,739","8,554","7,013","5,833","3,901","2,754","6,337","12,396"
"2024-01-14","127,132","14,170","25,247","8,512","7,140","6,100","3,980","3,454","6,365","13,118"
"2024-01-15","111,252","12,244","22,880","7,565","6,858","7,612","3,785","3,517","6,032","11,807"
"2024-01-16","98,150","10,188","18,870","6,515","5,886","7,170","3,336","2,900","5,213","11,015"
"2024-01-17","87,888","8,323","14,941","6,536","5,793","4,540","2,940","2,613","4,792","9,992"
"2024-01-18","91,597","8,763","13,985","6,356","8,475","4,363","2,776","2,475","4,442","9,037"
"2024-01-19","86,280","10,661","18,441","6,873","10,532","7,058","2,876","2,638","5,580","10,539"
"2024-01-20","103,979","14,722","20,931","7,394","12,762","5,353","3,555","2,858","6,118","11,641"
"2024-01-21","100,202","13,332","20,451","7,121","11,956","5,882","3,464","2,938","5,162","11,454"
"2024-01-22","88,000","9,614","13,013","5,780","7,372","4,925","2,651","2,047","4,385","9,681"
"2024-01-23","84,039","9,824","15,228","5,806","6,839","4,766","2,876","2,193","3,738","9,738"
"2024-01-24","81,965","9,878","15,445","5,846","6,053","4,767","3,255","2,266","3,687","9,850"
"2024-01-25","85,636","10,167","14,840","5,890","4,954","4,617","3,274","2,492","4,080","9,520"
"2024-01-26","88,085","11,954","20,537","6,262","4,759","4,796","3,620","2,762","3,824","10,351"
"2024-01-27","89,820","16,976","42,461","7,095","6,173","6,068","4,034","3,093","4,555","12,612"
"2024-01-28","88,388","16,021","35,455","7,125","5,629","6,387","4,285","3,484","3,976","12,339"
"2024-01-29","70,857","10,509","20,163","5,970","3,511","5,353","2,691","2,544","3,797","9,439"
"2024-01-30","68,803","10,326","17,956","5,557","4,687","4,979","2,886","3,103","3,888","8,894"
"2024-01-31","65,882","9,847","17,297","5,800","4,056","4,628","2,856","3,205","3,248","8,929"
"2024-02-01","64,455","10,150","16,041","5,495","4,283","4,236","2,779","4,191","3,572","8,573"
"2024-02-02","68,425","12,076","17,008","5,700","4,697","4,018","2,854","4,768","4,582","9,521"
"2024-02-03","76,562","15,187","22,875","6,991","6,456","5,209","4,259","5,835","6,475","11,205"
"2024-02-04","77,126","15,755","19,196","6,763","5,622","7,447","5,724","5,466","6,155","11,744"
"2024-02-05","77,616","10,672","12,441","5,634","3,623","4,140","2,762","4,239","4,951","9,467"
"2024-02-06","71,209","9,794","10,308","6,109","3,677","4,261","2,643","4,097","5,216","9,583"
"2024-02-07","70,144","9,636","10,278","5,607","3,601","4,261","2,717","4,121","4,793","10,293"
"2024-02-08","70,043","9,897","10,049","5,664","3,595","4,281","2,699","4,036","3,834","10,624"
"2024-02-09","87,527","12,365","12,495","5,807","4,586","4,361","2,845","4,353","4,127","11,635"
"2024-02-10","89,256","14,970","15,839","6,093","5,414","4,657","3,134","4,914","4,470","12,002"
"2024-02-11","86,123","14,989","15,303","6,508","5,307","5,054","3,544","5,321","3,615","12,657"
"2024-02-12","74,219","10,528","10,196","5,181","3,937","4,166","3,118","4,208","3,272","10,361"
"2024-02-13","78,451","9,362","10,039","5,629","4,188","4,259","3,274","4,756","3,407","10,473"
"2024-02-14","69,205","8,822","8,421","4,791","3,824","3,469","3,066","4,108","3,286","10,152"
"2024-02-15","61,816","9,825","9,691","4,961","4,539","3,694","3,281","4,282","3,671","9,960"
"2024-02-16","65,630","12,794","14,018","5,487","5,375","4,772","3,536","4,855","4,656","9,966"
"2024-02-17","80,251","16,428","18,681","6,493","6,213","5,435","4,334","5,786","5,022","11,728"
"2024-02-18","80,649","15,707","18,382","6,400","6,372","5,462","4,101","5,406","4,255","11,462"
"2024-02-19","73,506","14,099","14,494","5,826","5,089","4,746","4,036","4,900","3,491","10,237"
"2024-02-20","66,532","10,772","11,178","4,874","4,186","4,149","3,252","3,729","3,220","9,311"
"2024-02-21","69,381","11,953","11,198","5,263","3,803","4,219","3,108","3,730","3,885","9,460"
"2024-02-22","75,039","18,999","13,884","5,200","3,971","4,129","3,352","3,251","4,040","10,208"
"2024-02-23","76,947","27,217","18,614","5,583","4,322","4,426","3,587","3,575","4,354","11,061"
"2024-02-24","85,311","38,042","24,725","6,999","5,541","5,622","5,054","4,837","4,029","14,127"
"2024-02-25","84,363","35,130","22,070","6,387","4,874","5,398","4,890","4,563","3,523","13,791"
"2024-02-26","71,152","20,104","13,786","5,131","3,725","4,125","3,547","3,448","2,867","10,678"
"2024-02-27","74,231","18,560","12,957","5,532","3,839","4,108","3,528","3,929","2,993","10,411"
"2024-02-28","66,143","17,706","11,703","5,364","4,157","3,905","4,227","3,993","3,506","12,416"
"2024-02-29","61,918","15,321","11,513","5,078","3,654","3,949","4,388","3,824","3,503","12,100"
"2024-03-01","62,271","17,414","13,787","5,344","4,314","6,606","4,313","4,111","4,203","14,443"
"2024-03-02","73,195","22,884","20,488","5,965","5,570","7,028","7,177","5,221","5,202","17,472"
"2024-03-03","71,216","22,328","19,000","5,799","4,962","6,772","4,430","4,930","4,648","16,343"
"2024-03-04","58,707","16,050","12,353","4,892","3,754","5,728","3,696","4,385","4,032","12,620"
"2024-03-05","62,136","14,638","12,498","5,508","3,887","6,681","4,755","5,004","5,114","13,841"
"2024-03-06","57,504","13,371","12,047","5,289","3,861","6,235","4,965","5,560","5,126","13,097"
"2024-03-07","51,449","13,235","12,649","4,637","3,994","6,591","6,188","5,620","4,376","11,269"
"2024-03-08","63,489","14,736","15,546","4,921","4,451","6,874","5,119","6,004","4,473","11,588"
"2024-03-09","77,827","20,052","18,907","6,734","6,009","7,464","7,327","7,097","5,678","13,452"
"2024-03-10","83,601","18,435","15,778","5,883","5,086","6,709","6,299","6,522","4,355","11,776"
"2024-03-11","65,795","14,722","11,560","4,808","3,789","5,826","3,730","5,044","3,322","9,940"
"2024-03-12","68,130","14,281","10,962","4,801","3,875","5,752","3,825","5,242","3,078","10,294"
"2024-03-13","65,455","14,436","10,839","4,889","3,915","5,558","3,688","5,428","3,020","15,010"
"2024-03-14","63,492","15,639","12,347","5,159","4,068","5,327","3,486","5,940","3,048","17,326"
"2024-03-15","54,128","17,041","15,413","6,059","4,438","6,128","3,707","6,528","5,036","21,791"
"2024-03-16","64,835","20,686","17,619","6,610","5,578","6,142","4,146","7,017","3,898","23,781"
"2024-03-17","59,977","18,579","15,023","6,146","5,599","5,868","4,296","7,310","4,336","22,420"
"2024-03-18","55,157","13,692","11,015","5,217","3,818","5,680","3,403","5,506","2,926","16,886"
"2024-03-19","52,043","11,640","10,444","5,469","3,778","5,992","3,398","5,668","2,788","16,963"
"2024-03-20","53,779","11,433","9,953","5,049","3,687","5,129","3,306","5,224","2,693","16,725"
"2024-03-21","56,419","10,981","10,558","5,180","3,644","4,898","3,444","4,737","2,891","14,355"
"2024-03-22","59,663","12,892","14,335","5,321","3,853","5,792","3,500","5,013","3,433","14,766"
"2024-03-23","67,959","16,804","18,417","6,305","4,789","5,941","5,034","6,491","3,168","15,476"
"2024-03-24","64,558","15,371","15,696","5,924","4,112","5,953","5,209","5,943","3,106","13,338"
"2024-03-25","52,722","12,019","13,501","4,981","3,373","4,786","3,762","5,214","3,274","11,441"
"2024-03-26","52,911","11,732","12,801","4,886","3,606","4,589","3,449","5,549","3,148","11,457"
"2024-03-27","52,338","11,632","12,823","4,820","3,614","3,972","5,068","5,495","2,996","11,252"
"2024-03-28","50,856","13,139","15,795","4,899","3,995","3,345","3,927","5,334","2,937","11,969"
"2024-03-29","51,164","16,808","20,011","5,102","4,744","3,779","4,163","6,211","2,860","12,558"
"2024-03-30","57,497","18,679","20,628","5,496","4,927","4,073","4,222","6,754","2,983","17,617"
"2024-03-31","57,611","16,860","18,721","5,419","4,678","4,465","3,502","6,620","2,632","17,648"
"2024-04-01","50,649","13,384","15,992","5,392","4,528","4,748","3,547","6,165","2,370","12,992"
"2024-04-02","52,462","11,638","13,876","4,827","4,061","4,684","3,764","5,968","2,344","10,991"
"2024-04-03","52,722","11,029","11,931","5,071","4,113","4,877","3,432","5,979","2,356","10,238"
"2024-04-04","54,541","11,739","11,298","5,142","4,388","3,253","4,781","5,827","2,697","10,762"
"2024-04-05","53,868","13,621","12,142","4,846","4,467","5,178","4,587","5,649","2,945","12,418"
"2024-04-06","73,284","16,506","14,769","5,477","5,280","6,011","4,303","6,627","2,971","15,116"
"2024-04-07","65,185","16,326","12,846","5,409","5,005","3,918","4,495","6,531","2,499","15,159"
"2024-04-08","57,132","12,338","9,129","4,585","3,973","3,263","3,449","5,401","2,524","12,835"
"2024-04-09","60,519","11,394","8,415","4,562","4,156","3,107","2,994","5,760","2,923","12,641"
"2024-04-10","63,638","11,106","9,952","4,846","4,513","4,912","2,978","6,129","2,787","12,941"
"2024-04-11","52,789","11,188","11,423","4,838","3,890","4,506","2,984","6,122","3,115","12,631"
"2024-04-12","47,579","12,318","13,778","5,428","5,167","3,398","5,185","5,640","2,971","13,308"
"2024-04-13","53,582","16,440","18,304","6,339","6,268","5,612","5,816","6,775","3,013","15,808"
"2024-04-14","51,026","15,256","15,524","6,052","5,488","3,979","4,845","6,876","2,616","14,472"
"2024-04-15","45,047","10,782","10,792","4,752","3,321","3,154","2,946","5,186","2,409","10,673"
"2024-04-16","45,967","10,459","10,400","5,081","3,493","3,293","3,174","5,622","2,411","10,723"
"2024-04-17","46,873","11,101","9,859","4,849","3,891","3,373","3,508","5,991","2,813","10,266"
"2024-04-18","46,630","12,247","8,829","4,576","3,814","4,992","3,435","6,241","2,508","9,229"
"2024-04-19","45,139","15,100","10,408","4,681","4,789","5,868","4,450","6,470","2,910","9,569"
"2024-04-20","55,287","19,276","13,376","6,119","6,012","5,869","3,930","7,824","3,164","10,531"
"2024-04-21","45,484","16,176","12,584","5,212","5,677","6,139","4,056","7,989","2,864","10,744"
"2024-04-22","43,378","12,146","8,483","4,122","3,862","5,049","2,929","5,985","2,455","8,614"
"2024-04-23","43,160","12,123","8,365","4,199","3,781","4,956","3,141","6,532","2,308","8,765"
"2024-04-24","43,419","11,454","9,971","4,781","4,842","3,576","3,436","6,682","2,284","8,883"
"2024-04-25","41,140","10,672","12,926","4,447","3,643","3,400","3,368","6,553","2,273","8,460"
"2024-04-26","53,464","12,415","16,415","4,606","4,143","6,055","3,672","7,565","2,389","9,137"
"2024-04-27","64,931","16,903","22,786","5,339","5,081","5,861","3,936","9,225","2,616","10,448"
"2024-04-28","67,260","15,713","20,855","5,468","4,538","6,322","3,683","8,774","2,372","10,338"
"2024-04-29","53,468","10,053","14,011","4,353","3,394","5,586","3,364","7,280","2,107","8,321"
"2024-04-30","51,674","10,332","13,790","4,388","3,401","5,677","3,512","8,280","2,239","8,301"
"2024-05-01","48,306","10,351","17,907","4,174","3,812","6,237","3,256","8,112","2,407","8,968"
"2024-05-02","48,268","11,170","15,328","5,088","3,497","5,924","3,300","8,244","3,273","9,777"
"2024-05-03","45,404","12,349","16,729","5,594","4,148","5,667","4,298","7,554","2,817","10,842"
"2024-05-04","52,566","16,621","20,047","5,780","5,083","5,663","4,601","8,837","3,858","13,114"
"2024-05-05","51,803","15,168","18,960","5,341","4,360","6,282","4,462","8,753","3,694","12,464"
"2024-05-06","43,871","10,042","11,350","4,578","3,290","4,890","3,813","6,496","3,075","9,664"
"2024-05-07","46,435","9,825","10,998","4,477","3,632","4,903","3,357","6,470","3,101","9,961"
"2024-05-08","46,345","11,220","10,628","4,608","3,447","5,127","3,472","6,538","2,906","9,953"
"2024-05-09","44,185","11,837","12,122","4,619","3,720","5,451","3,288","6,412","2,907","9,454"
"2024-05-10","43,684","11,934","13,519","4,514","4,359","4,763","3,796","6,552","2,906","9,287"
"2024-05-11","52,192","15,819","18,383","5,241","5,919","5,066","4,419","7,649","2,721","10,657"
"2024-05-12","56,241","15,381","18,640","5,221","5,786","5,557","4,030","7,682","2,450","10,147"
"2024-05-13","46,687","10,123","13,069","4,269","4,446","4,418","3,526","6,207","2,485","8,033"
"2024-05-14","45,709","11,217","12,730","4,318","4,823","4,596","3,378","6,784","2,522","8,089"
"2024-05-15","45,255","11,606","12,883","4,367","4,485","5,342","3,297","6,854","2,712","8,197"
"2024-05-16","46,400","12,207","11,822","4,250","4,254","5,718","3,594","6,583","2,545","8,277"
"2024-05-17","53,964","14,066","13,619","4,416","4,472","5,827","3,937","7,739","2,843","8,747"
"2024-05-18","58,374","17,637","17,608","4,786","5,594","5,663","4,497","8,169","2,755","10,495"
"2024-05-19","60,947","16,370","16,315","4,963","5,342","6,278","4,201","7,506","2,587","10,198"
"2024-05-20","50,388","10,977","11,144","4,216","4,076","5,599","3,281","6,199","2,619","8,496"
"2024-05-21","49,528","10,968","11,556","4,171","4,455","5,829","3,983","6,655","2,588","9,167"
"2024-05-22","46,744","11,064","11,369","4,145","4,378","6,079","4,420","7,457","2,479","10,079"
"2024-05-23","44,692","10,981","11,881","4,443","4,805","5,841","4,081","7,961","2,520","9,964"
"2024-05-24","47,144","13,435","15,425","4,824","5,313","5,624","3,089","8,101","2,819","10,171"
"2024-05-25","54,134","16,108","17,436","5,346","5,750","6,168","5,255","7,775","3,164","11,345"
"2024-05-26","57,635","15,598","16,769","5,622","6,170","6,731","5,244","7,558","3,524","11,608"
"2024-05-27","54,358","14,672","16,084","5,824","6,466","6,177","4,235","8,072","3,968","10,854"
"2024-05-28","48,118","10,536","12,434","5,119","5,012","5,655","4,041","6,593","4,064","9,216"
"2024-05-29","46,498","10,784","12,826","4,991","4,686","5,238","4,019","6,379","3,793","8,787"
"2024-05-30","46,941","11,751","14,578","5,420","5,164","4,466","3,670","6,115","3,945","9,058"
"2024-05-31","50,212","12,555","15,912","5,374","5,492","4,100","2,882","6,102","3,282","9,203"
"2024-06-01","55,792","15,241","19,043","5,518","6,260","4,454","4,771","6,309","3,206","10,368"
"2024-06-02","58,297","15,176","18,869","5,587","5,772","4,791","4,429","6,469","3,081","11,458"
"2024-06-03","50,283","12,738","15,417","5,201","5,268","4,732","3,711","5,801","2,601","9,889"
"2024-06-04","51,951","14,986","14,897","5,306","5,396","4,788","3,406","5,906","2,641","10,831"
"2024-06-05","49,731","14,932","15,572","5,272","5,278","4,823","3,305","6,423","2,458","10,979"
"2024-06-06","44,896","13,668","13,748","5,185","4,995","5,437","3,147","6,907","2,856","11,003"
"2024-06-07","44,477","14,860","12,893","4,934","5,223","4,954","3,301","6,647","4,112","11,008"
"2024-06-08","51,927","17,754","14,721","5,413","5,926","5,016","3,556","6,826","4,607","12,726"
"2024-06-09","54,120","18,498","13,911","5,320","5,790","4,663","4,220","7,656","3,799","12,585"
"2024-06-10","49,782","16,511","12,457","4,850","4,933","5,035","3,577","6,732","3,607","11,399"
"2024-06-11","49,061","16,319","12,904","4,828","5,057","4,979","3,306","7,159","4,289","10,704"
"2024-06-12","55,188","15,094","12,274","4,688","4,774","3,342","3,249","6,672","4,265","10,814"
"2024-06-13","49,911","15,598","12,946","4,223","4,751","3,110","3,291","6,747","4,028","10,586"
"2024-06-14","51,651","16,124","14,113","4,451","5,041","3,411","3,515","6,660","4,065","10,699"
"2024-06-15","52,839","17,945","15,018","4,587","5,286","3,474","3,868","6,329","4,028","11,102"
"2024-06-16","54,454","18,090","15,057","4,769","5,128","3,577","4,279","6,373","3,889","11,339"
"2024-06-17","53,233","16,585","14,344","4,077","4,766","3,637","4,165","6,102","3,616","11,311"
"2024-06-18","55,589","16,583","14,967","4,442","4,691","3,943","4,186","6,095","3,649","11,434"
"2024-06-19","54,436","15,812","16,182","4,875","4,654","4,018","4,468","5,686","3,911","11,750"
"2024-06-20","56,946","17,152","22,846","4,677","4,654","3,862","4,846","5,642","3,664","11,358"
"2024-06-21","57,755","17,354","25,741","4,592","4,479","4,059","4,601","5,633","5,126","11,432"
"2024-06-22","68,984","19,319","27,458","5,098","4,859","4,453","5,415","5,880","4,649","11,837"
"2024-06-23","63,958","18,044","24,875","6,085","5,566","4,541","5,595","5,967","3,974","12,000"
"2024-06-24","60,639","16,471","22,248","5,772","4,999","4,013","3,272","5,823","3,127","11,249"
"2024-06-25","59,147","15,108","21,450","5,298","4,823","5,676","4,852","5,500","3,022","12,275"
"2024-06-26","59,691","15,954","22,714","5,061","4,844","5,809","5,001","5,523","3,836","18,280"
"2024-06-27","54,795","16,884","22,538","4,597","4,262","5,438","3,710","5,287","3,793","20,325"
"2024-06-28","54,656","17,437","20,568","4,658","4,101","5,420","3,683","4,825","3,586","25,690"
"2024-06-29","58,031","20,267","19,648","5,521","4,210","5,837","3,772","4,601","3,018","32,495"
"2024-06-30","61,994","22,621","20,676","5,354","4,500","6,822","3,580","4,848","2,561","27,411"
"2024-07-01","58,306","22,079","20,645","5,734","4,012","5,659","3,231","4,690","2,069","21,977"
"2024-07-02","56,801","21,265","19,812","6,294","4,069","5,764","3,217","4,982","2,010","19,322"
"2024-07-03","51,903","18,952","20,594","5,798","4,623","5,337","3,214","4,865","1,874","17,580"
"2024-07-04","57,964","17,871","19,096","5,272","4,281","5,215","3,034","4,690","1,897","15,053"
"2024-07-05","61,055","19,418","19,762","5,308","4,632","5,272","3,067","4,764","1,815","13,467"
"2024-07-06","62,613","19,612","21,875","5,206","5,056","5,308","3,252","4,878","1,928","13,995"
"2024-07-07","66,444","19,458","20,112","5,435","4,782","5,844","3,438","5,261","1,756","13,504"
"2024-07-08","59,958","19,113","17,643","5,006","4,488","4,929","2,834","4,814","1,695","13,020"
"2024-07-09","56,642","18,332","15,340","6,382","4,561","5,164","2,551","4,942","1,607","12,684"
"2024-07-10","66,819","20,541","17,065","6,725","4,351","5,446","2,597","5,106","1,588","12,401"
"2024-07-11","57,958","22,469","16,604","6,537","4,397","5,117","2,593","4,966","1,668","12,568"
"2024-07-12","65,724","30,393","18,407","6,223","4,570","5,187","2,837","5,053","1,680","13,133"
"2024-07-13","67,792","40,318","19,269","6,017","4,751","5,161","2,548","5,181","1,445","14,612"
"2024-07-14","72,185","36,634","19,056","6,028","4,427","5,717","2,719","6,709","1,586","14,676"
"2024-07-15","68,414","26,415","18,204","5,820","4,621","5,339","2,671","7,984","1,690","13,112"
"2024-07-16","67,766","22,294","16,796","5,919","4,325","5,507","2,593","7,919","1,731","12,851"
"2024-07-17","58,072","21,950","17,399","6,392","4,517","5,479","2,778","7,248","1,595","13,558"
"2024-07-18","53,285","21,259","16,317","6,568","4,601","4,899","3,114","7,063","2,062","12,199"
"2024-07-19","52,590","22,120","16,334","5,792","4,866","5,422","3,274","6,441","2,374","10,956"
"2024-07-20","53,326","20,917","16,819","5,713","5,242","4,633","3,503","6,289","2,836","11,240"
"2024-07-21","59,241","21,978","16,510","5,910","5,410","5,353","4,090","5,851","3,110","11,535"
"2024-07-22","59,192","18,976","15,605","5,485","4,948","5,077","3,572","5,532","3,086","11,226"
"2024-07-23","57,968","17,020","14,391","5,992","5,242","4,993","3,243","5,320","3,027","12,042"
"2024-07-24","53,371","16,174","13,453","5,857","5,263","4,609","2,872","5,406","2,990","13,111"
"2024-07-25","49,971","15,357","15,305","5,563","5,639","4,547","2,926","5,428","3,121","13,255"
"2024-07-26","52,108","16,277","17,132","5,729","6,897","4,511","3,151","5,880","3,334","14,742"
"2024-07-27","53,693","17,671","17,727","5,978","7,647","5,060","3,388","5,896","3,322","16,162"
"2024-07-28","54,438","17,308","17,973","5,881","8,424","5,202","4,470","6,433","3,814","16,799"
"2024-07-29","54,413","16,321","16,733","5,680","8,108","4,443","4,487","6,388","3,789","15,804"
"2024-07-30","52,850","14,967","16,089","5,436","8,008","4,613","3,826","6,149","3,595","15,664"
"2024-07-31","50,550","15,009","16,215","5,404","7,719","4,216","3,318","5,787","3,132","15,664"
"2024-08-01","48,733","14,512","15,056","5,243","7,401","4,839","2,677","5,178","2,943","14,825"
"2024-08-02","52,591","15,344","14,326","5,456","7,525","4,867","2,719","4,964","2,593","17,918"
"2024-08-03","59,810","17,700","14,625","5,601","8,437","4,721","3,005","4,523","2,500","32,380"
"2024-08-04","58,849","17,209","14,202","5,803","8,359","4,839","3,116","4,413","2,399","34,511"
"2024-08-05","51,982","15,252","12,712","5,462","8,533","4,311","3,489","4,224","2,122","29,243"
"2024-08-06","58,821","14,446","13,130","5,841","8,347","4,873","3,077","4,426","2,171","23,269"
"2024-08-07","48,791","14,821","12,529","5,601","8,243","4,299","3,692","4,272","2,121","19,372"
"2024-08-08","44,712","13,920","13,503","4,934","8,337","4,281","3,526","4,184","2,244","15,807"
"2024-08-09","43,967","14,556","12,762","5,390","9,410","4,067","3,131","4,438","1,994","15,358"
"2024-08-10","46,709","17,268","14,401","5,314","16,840","4,483","2,748","4,558","2,240","16,933"
"2024-08-11","48,406","16,803","13,150","5,614","17,935","5,237","2,448","4,391","1,880","15,940"
"2024-08-12","42,353","14,144","11,277","4,992","16,443","4,773","2,184","4,063","1,623","12,812"
"2024-08-13","42,871","13,952","10,360","5,404","16,732","4,641","2,405","4,026","1,628","11,469"
"2024-08-14","40,965","13,579","10,241","5,062","13,556","4,353","2,057","2,676","1,712","10,936"
"2024-08-15","49,220","13,420","10,184","5,559","13,147","4,419","2,172","1,635","1,979","10,672"
"2024-08-16","50,496","14,361","12,314","5,593","11,914","4,203","2,006","1,142","2,538","10,240"
"2024-08-17","55,064","18,518","13,807","6,140","12,240","4,117","2,306","1,124","3,191","11,288"
"2024-08-18","56,701","18,722","13,851","6,095","9,806","4,628","2,129","1,085","3,435","11,376"
"2024-08-19","48,518","14,165","9,921","5,196","6,283","5,079","1,886","846","3,110","9,566"
"2024-08-20","49,768","13,585","10,170","5,239","5,352","5,618","1,498","772","2,382","8,879"
"2024-08-21","43,418","12,975","10,051","5,094","4,888","5,971","2,020","761","2,444","9,580"
"2024-08-22","38,626","12,380","10,300","4,972","4,555","6,168","1,831","638","2,935","10,148"
"2024-08-23","39,512","13,991","11,333","4,888","4,450","5,640","1,719","623","2,734","9,936"
"2024-08-24","44,316","17,065","14,490","5,619","5,868","6,630","1,924","776","2,232","11,942"
"2024-08-25","44,346","17,350","13,180","5,154","5,719","6,456","1,737","767","2,253","11,170"
"2024-08-26","37,246","12,406","9,862","4,153","4,235","5,769","1,518","673","1,921","9,348"
"2024-08-27","37,812","12,238","9,507","4,317","4,267","5,921","1,512","738","1,908","9,020"
"2024-08-28","36,905","11,913","8,925","4,256","4,021","4,758","1,426","758","1,404","8,875"
"2024-08-29","37,092","11,737","9,784","4,713","4,122","4,505","1,417","742","1,700","8,423"
"2024-08-30","36,110","14,521","13,728","5,258","4,724","4,344","1,488","818","1,848","8,820"
"2024-08-31","40,247","18,707","17,298","5,658","5,733","4,077","1,815","888","2,264","10,312"
"2024-09-01","41,747","18,741","17,333","6,008","5,616","4,462","1,800","846","2,294","9,658"
"2024-09-02","41,707","17,655","14,592","5,529","5,424","3,819","1,643","790","2,117","9,774"
"2024-09-03","35,255","13,942","10,622","5,112","4,376","2,989","1,325","582","1,660","9,088"
"2024-09-04","38,293","13,739","9,140","5,592","4,115","3,029","1,389","524","1,980","9,177"
"2024-09-05","36,750","13,980","8,425","4,221","4,216","2,831","1,346","546","1,958","9,243"
"2024-09-06","38,438","15,531","9,832","4,273","4,835","2,503","1,234","498","1,849","9,247"
"2024-09-07","45,557","21,259","13,705","4,753","6,480","2,928","1,425","682","2,275","10,868"
"2024-09-08","46,776","21,013","12,157","4,353","5,811","2,950","1,466","661","1,897","10,681"
"2024-09-09","35,769","14,233","7,896","3,711","4,045","2,426","1,261","431","1,699","8,775"
"2024-09-10","33,799","15,464","7,607","3,290","3,408","2,286","1,286","474","1,797","8,239"
"2024-09-11","31,871","14,283","7,007","3,412","4,008","2,440","1,489","453","1,865","8,311"
"2024-09-12","31,960","13,892","7,327","3,305","4,229","2,448","1,471","0","1,770","8,009"
"2024-09-13","33,433","15,142","8,866","3,321","4,471","2,574","1,607","410","1,726","7,769"
"2024-09-14","38,830","19,303","12,049","4,224","5,643","2,842","1,734","721","1,880","9,974"
"2024-09-15","37,696","18,351","11,774","3,946","5,219","2,884","1,770","682","1,748","10,074"
"2024-09-16","33,889","12,683","8,049","3,678","3,749","2,800","1,656","430","1,487","8,169"
"2024-09-17","30,552","11,605","7,341","3,597","3,616","2,870","1,730","596","1,538","7,756"
"2024-09-18","29,600","11,508","7,301","3,971","3,714","3,407","1,800","571","1,567","7,660"
"2024-09-19","33,917","12,854","7,743","3,535","3,749","3,932","2,095","543","1,629","7,249"
"2024-09-20","35,269","15,387","11,382","4,843","4,813","3,650","2,151","659","1,703","7,337"
"2024-09-21","42,395","18,623","15,366","4,599","6,172","4,731","2,245","837","1,852","8,623"
"2024-09-22","41,983","16,770","13,586","4,416","5,641","4,247","2,372","796","1,867","8,032"
"2024-09-23","33,601","11,877","8,963","3,532","4,229","3,820","2,022","710","1,537","6,674"
"2024-09-24","31,393","12,292","8,252","3,566","4,118","3,850","2,235","676","1,735","6,763"
"2024-09-25","30,757","12,737","8,657","3,553","4,274","3,851","2,509","680","1,716","7,085"
"2024-09-26","40,393","12,574","8,748","3,928","4,409","3,770","3,100","714","2,133","7,510"
"2024-09-27","35,433","13,849","9,687","3,777","5,143","3,350","3,029","710","2,425","7,159"
"2024-09-28","42,496","17,253","11,864","4,600","6,432","4,150","3,087","818","2,619","8,151"
"2024-09-29","42,682","18,375","11,724","5,987","6,247","3,937","3,241","817","2,374","7,972"
"2024-09-30","40,557","11,915","7,841","3,804","4,308","2,980","2,762","706","2,368","6,890"
"2024-10-01","34,063","10,990","7,829","3,679","4,217","3,670","2,458","630","2,221","6,466"
"2024-10-02","32,957","10,889","7,817","3,815","4,042","3,777","2,498","644","2,300","6,555"
"2024-10-03","36,187","11,232","8,921","4,161","4,609","4,007","2,363","690","2,100","6,613"
"2024-10-04","35,215","13,283","10,239","4,028","5,058","4,024","2,285","702","1,895","7,072"
"2024-10-05","39,122","16,667","12,073","6,420","6,471","4,198","2,696","867","1,807","8,552"
"2024-10-06","38,456","16,661","10,871","4,875","6,374","4,371","2,915","842","1,707","8,531"
"2024-10-07","30,297","12,671","7,894","3,735","4,649","3,557","2,379","629","1,385","7,421"
"2024-10-08","31,569","12,964","9,846","3,647","4,906","4,237","2,181","697","1,538","7,652"
"2024-10-09","36,341","11,746","9,045","3,738","4,652","4,143","2,285","676","1,695","7,517"
"2024-10-10","32,966","9,696","8,309","4,940","4,395","3,278","2,284","633","2,103","6,503"
"2024-10-11","33,986","11,819","9,982","5,266","4,992","3,413","2,607","703","2,514","6,527"
"2024-10-12","38,091","14,819","12,299","5,519","5,901","3,850","2,857","823","2,882","7,652"
"2024-10-13","38,338","14,730","11,744","5,910","5,801","3,787","2,449","750","2,814","7,825"
"2024-10-14","33,606","12,365","8,954","5,116","4,947","3,476","2,458","709","2,469","7,706"
"2024-10-15","30,739","12,113","6,895","3,827","3,910","3,647","2,201","640","2,607","7,722"
"2024-10-16","29,502","12,066","6,776","3,650","4,080","3,524","2,183","645","2,291","8,173"
"2024-10-17","31,016","12,718","7,092","4,127","4,227","3,879","2,263","591","2,162","7,862"
"2024-10-18","31,057","13,955","8,350","4,979","4,413","3,886","2,116","669","1,795","8,552"
"2024-10-19","36,589","19,478","10,741","4,758","5,763","4,206","2,146","811","1,829","9,680"
"2024-10-20","36,014","18,081","10,232","5,784","5,141","4,226","2,548","843","1,854","9,821"
"2024-10-21","31,347","12,844","7,045","3,965","3,439","4,169","2,287","707","1,698","7,756"
"2024-10-22","33,859","12,119","6,548","4,148","3,502","4,543","2,073","684","1,762","7,647"
"2024-10-23","35,869","12,565","6,213","3,959","3,459","4,461","2,243","663","1,636","7,781"
"2024-10-24","36,573","12,049","7,181","3,938","3,435","4,389","2,289","587","1,611","8,658"
"2024-10-25","37,532","13,378","9,199","3,840","3,793","3,997","2,109","641","1,496","8,923"
"2024-10-26","43,852","18,911","13,063","4,723","4,779","4,056","2,443","817","1,652","10,783"
"2024-10-27","42,933","19,738","12,453","4,797","4,498","3,795","2,590","786","1,455","10,585"
"2024-10-28","31,977","13,717","8,433","4,722","3,245","3,529","2,107","672","1,291","8,304"
"2024-10-29","31,673","13,735","7,685","3,980","3,090","4,025","2,537","816","1,687","7,465"
"2024-10-30","30,371","12,562","7,344","4,117","3,262","3,958","2,435","774","1,547","7,213"
"2024-10-31","27,398","10,225","6,084","3,333","2,797","3,499","2,222","693","1,260","7,010"
"2024-11-01","30,103","13,197","9,094","4,569","4,544","3,476","2,285","885","1,809","8,320"
"2024-11-02","36,880","18,609","12,151","5,791","5,552","4,359","2,379","1,077","1,937","9,924"
"2024-11-03","38,425","17,798","11,041","5,993","5,640","3,900","2,685","1,122","1,895","9,863"
"2024-11-04","31,308","11,185","7,297","5,203","3,548","4,491","2,195","867","1,493","8,276"
"2024-11-05","33,295","11,381","7,792","5,337","3,847","3,949","2,103","936","1,602","8,820"
"2024-11-06","30,230","9,329","6,168","4,016","3,266","3,458","1,994","960","2,038","8,634"
"2024-11-07","28,545","9,015","6,615","4,464","2,993","3,349","2,263","974","2,284","8,175"
"2024-11-08","27,424","10,398","7,570","4,877","4,002","3,397","2,176","1,064","2,680","8,318"
"2024-11-09","32,394","14,475","11,682","6,516","5,410","3,933","2,569","1,312","2,976","9,407"
"2024-11-10","32,369","14,363","11,213","6,196","5,477","3,982","2,610","1,473","3,012","9,454"
"2024-11-11","30,482","10,412","8,509","4,528","4,026","3,707","2,156","1,081","2,638","7,731"
"2024-11-12","31,060","9,030","6,010","4,204","3,365","3,615","2,296","975","2,575","7,327"
"2024-11-13","30,703","8,805","6,122","4,212","3,578","3,369","2,121","994","2,877","7,559"
"2024-11-14","28,674","8,385","6,079","4,768","3,646","3,206","2,159","925","2,602","8,104"
"2024-11-15","26,551","9,775","7,635","4,324","4,386","3,254","2,084","1,002","2,157","8,413"
"2024-11-16","33,325","12,910","9,877","5,228","6,868","3,657","2,134","1,294","2,340","9,783"
"2024-11-17","34,547","12,068","9,981","5,278","5,831","3,792","2,196","1,204","1,924","9,554"
"2024-11-18","28,094","8,681","7,188","4,477","4,335","3,841","1,889","924","1,854","8,653"
"2024-11-19","27,853","8,579","6,404","4,430","4,086","3,677","2,129","962","1,826","8,198"
"2024-11-20","27,349","8,288","6,326","4,433","4,200","3,897","2,171","975","2,211","8,178"
"2024-11-21","26,133","8,601","6,953","4,445","4,301","3,726","2,314","929","2,305","7,986"
"2024-11-22","29,558","14,443","9,008","4,346","5,061","4,059","2,692","1,027","2,127","9,028"
"2024-11-23","35,542","22,899","12,518","5,218","6,651","4,616","3,019","1,281","2,266","11,198"
"2024-11-24","35,260","22,747","11,600","5,910","6,348","4,532","2,905","1,196","2,013","10,889"
"2024-11-25","31,385","14,685","10,189","5,667","4,799","5,030","2,810","1,178","1,807","9,182"
"2024-11-26","38,094","12,922","9,833","4,694","5,016","4,435","2,601","1,109","1,920","8,636"
"2024-11-27","37,400","14,592","11,937","5,572","5,536","4,703","2,968","1,170","1,913","8,826"
"2024-11-28","43,365","17,731","14,757","6,748","6,026","5,261","2,995","1,207","2,256","8,850"
"2024-11-29","39,156","15,207","14,109","6,299","5,648","4,943","3,353","1,283","1,915","8,404"
"2024-11-30","40,116","13,808","13,287","6,760","6,023","5,438","3,751","1,298","2,157","8,723"
"2024-12-01","36,330","11,416","11,023","6,094","5,322","5,388","4,167","1,307","2,022","8,459"
"2024-12-02","29,604","9,102","7,182","3,743","3,175","4,595","3,823","946","1,952","6,690"
"2024-12-03","28,646","8,574","6,214","4,441","3,258","4,588","2,924","903","1,949","7,045"
"2024-12-04","30,785","8,386","6,707","4,304","3,680","5,450","2,671","936","2,424","7,067"
"2024-12-05","31,087","7,237","6,948","4,386","3,858","6,214","2,455","908","2,143","6,847"
"2024-12-06","30,496","8,756","8,157","4,343","4,228","5,735","2,518","881","2,084","7,245"
"2024-12-07","37,549","10,629","11,693","5,408","5,734","4,894","2,421","1,117","2,267","8,326"
"2024-12-08","37,186","9,709","11,226","5,004","5,529","5,978","2,741","1,178","2,923","8,524"
"2024-12-09","29,126","7,172","7,319","4,021","4,127","4,867","2,632","817","3,008","6,643"
"2024-12-10","28,729","7,031","7,303","4,581","4,269","6,024","2,603","925","3,348","6,697"
"2024-12-11","29,190","6,382","7,165","4,583","4,370","2,845","2,393","867","3,450","7,451"
"2024-12-12","28,850","7,537","7,371","4,606","4,522","2,777","2,594","852","3,496","8,682"
"2024-12-13","31,502","8,471","8,619","4,535","4,573","5,819","2,529","847","2,898","11,144"
"2024-12-14","36,298","11,207","12,939","6,499","5,910","6,309","2,536","1,079","2,384","13,351"
"2024-12-15","37,497","10,394","13,609","5,081","5,404","6,886","2,306","1,057","2,126","12,139"
"2024-12-16","32,945","7,511","10,572","4,361","3,867","6,053","2,614","910","2,156","9,469"
"2024-12-17","33,376","7,258","9,701","4,339","4,007","6,527","2,594","873","1,921","8,758"
"2024-12-18","35,782","7,659","8,798","4,231","3,875","4,879","2,452","827","2,153","8,396"
"2024-12-19","35,152","7,584","9,167","4,839","4,331","4,798","2,390","836","2,099","8,076"
"2024-12-20","35,302","9,040","11,089","4,983","4,851","4,907","2,611","874","2,004","8,069"
"2024-12-21","42,904","11,718","13,435","5,557","5,822","5,434","2,681","1,077","2,062","8,362"
"2024-12-22","45,738","12,056","14,075","5,575","5,821","5,287","2,799","1,052","1,767","8,312"
"2024-12-23","41,199","11,237","13,611","6,946","5,565","4,677","2,782","1,006","1,797","7,835"
"2024-12-24","61,563","11,265","14,540","6,207","4,988","5,160","2,576","1,006","2,219","7,285"
"2024-12-25","67,530","15,666","20,795","6,882","6,256","5,377","2,709","912","2,237","8,230"
"2024-12-26","48,323","13,274","17,118","7,374","5,647","5,029","2,941","877","2,279","7,856"
"2024-12-27","48,359","10,668","16,515","6,988","6,324","5,865","2,937","1,055","3,263","7,662"
"2024-12-28","47,899","11,144","15,276","7,335","6,291","7,099","2,971","1,162","3,426","7,600"
"2024-12-29","48,130","10,723","15,227","6,993","6,486","6,303","3,556","1,187","3,842","7,454"
"2024-12-30","44,890","9,487","14,508","6,643","6,441","6,182","3,039","1,091","3,421","7,075"
"2024-12-31","42,071","10,505","16,105","7,019","6,284","5,863","3,061","1,010","3,565","7,446"
"2025-01-01","43,727","9,969","14,886","6,650","5,990","6,249","3,358","1,161","3,304","7,983"
"2025-01-02","40,866","9,287","12,930","6,656","5,619","6,521","3,228","1,141","3,182","7,621"
"2025-01-03","40,992","9,070","13,499","6,481","5,748","5,204","3,651","1,131","3,471","8,012"
"2025-01-04","44,550","10,331","14,356","7,608","6,325","5,776","3,603","1,250","3,680","9,099"
"2025-01-05","44,151","9,895","13,606","7,665","5,945","6,246","3,596","1,201","4,499","9,503"
"2025-01-06","36,600","8,349","10,937","6,585","5,132","5,178","3,500","1,094","3,710","9,281"
"2025-01-07","33,487","6,869","8,994","5,788","4,566","4,907","3,510","950","4,016","9,085"
"2025-01-08","39,918","6,444","8,764","5,414","4,733","4,818","3,716","1,111","4,375","8,320"
"2025-01-09","36,255","7,580","10,427","6,106","4,907","4,855","3,947","1,259","4,055","7,780"
"2025-01-10","37,730","8,692","13,685","6,461","5,061","5,316","3,849","1,416","4,784","8,056"
"2025-01-11","43,735","10,759","16,190","7,004","5,975","5,669","3,461","1,722","3,855","9,097"
"2025-01-12","42,394","9,814","14,397","6,601","5,442","5,054","2,986","1,660","2,985","8,235"
"2025-01-13","33,586","7,942","11,052","5,277","4,290","4,461","3,000","1,263","2,608","6,917"
"2025-01-14","31,569","7,605","10,142","5,089","4,232","4,213","2,852","1,234","2,815","6,918"
"2025-01-15","30,569","7,530","9,529","5,049","4,313","4,205","2,779","1,274","2,447","7,136"
"2025-01-16","30,878","7,262","8,820","5,005","4,142","4,027","2,609","1,362","2,194","7,190"
"2025-01-17","30,343","9,737","11,362","5,466","4,464","4,391","2,796","1,489","2,507","7,476"
"2025-01-18","39,013","12,895","15,432","7,944","5,991","4,192","3,127","1,868","2,840","8,387"
"2025-01-19","41,990","12,967","16,189","8,571","6,190","4,712","3,248","2,052","2,937","8,825"
"2025-01-20","36,254","10,528","14,084","7,234","5,422","4,178","2,984","1,722","2,439","8,006"
"2025-01-21","31,798","8,879","10,814","5,420","4,363","4,345","2,741","1,338","2,607","7,302"
"2025-01-22","29,855","8,269","10,089","6,656","4,212","3,430","2,820","1,304","2,778","6,610"
"2025-01-23","29,070","8,709","8,813","4,738","3,852","3,750","2,691","1,198","2,995","6,579"
"2025-01-24","33,043","9,995","9,097","5,724","4,001","3,987","2,868","1,132","2,666","7,126"
"2025-01-25","40,003","14,162","12,230","7,039","5,354","4,336","2,981","1,266","2,990","8,074"
"2025-01-26","41,716","11,923","11,615","6,979","5,202","4,683","2,903","1,135","2,995","8,204"
"2025-01-27","30,894","9,301","7,413","5,244","4,019","3,720","2,930","899","2,550","6,682"
"2025-01-28","30,287","8,598","6,979","5,233","3,830","3,891","3,280","1,030","2,406","7,354"
"2025-01-29","29,998","8,778","6,858","5,041","3,932","4,058","3,229","1,023","2,339","7,096"
"2025-01-30","27,836","9,850","6,833","4,964","4,099","4,272","3,707","980","2,568","7,812"
"2025-01-31","30,089","11,491","9,961","5,666","4,407","4,045","3,671","1,001","4,200","8,460"
"2025-02-01","35,708","14,118","13,687","6,003","5,426","4,124","3,531","1,286","4,959","9,843"
"2025-02-02","37,555","13,496","12,688","5,409","5,146","4,213","3,587","1,267","3,812","9,445"
"2025-02-03","31,668","10,269","8,459","5,147","3,701","3,809","3,476","973","3,980","8,531"
"2025-02-04","30,027","9,573","7,334","4,751","3,512","3,844","3,703","941","2,525","8,891"
"2025-02-05","29,265","8,328","7,190","4,974","3,518","4,805","3,870","996","3,597","8,854"
"2025-02-06","29,114","9,549","7,949","4,901","3,949","4,220","4,723","1,005","3,008","8,763"
"2025-02-07","28,241","10,014","10,238","4,670","4,148","4,516","4,906","953","2,801","8,610"
"2025-02-08","38,133","13,733","14,587","7,176","5,453","4,790","4,474","1,177","3,139","9,729"
"2025-02-09","79,092","12,790","12,381","5,490","4,852","4,509","4,253","1,048","2,212","9,637"
"2025-02-10","55,648","9,048","8,747","4,434","3,582","4,179","4,495","822","1,881","8,315"
"2025-02-11","42,317","8,341","8,209","4,519","3,660","4,029","4,284","798","1,907","8,330"
"2025-02-12","34,258","7,896","7,359","4,925","3,863","4,040","4,648","895","2,005","8,618"
"2025-02-13","30,505","8,521","7,162","5,007","3,720","3,601","4,431","1,045","1,837","9,225"
"2025-02-14","30,593","8,909","9,017","4,763","3,992","3,119","4,341","944","2,029","8,719"
"2025-02-15","37,027","12,618","12,904","6,101","5,503","3,604","4,181","1,223","2,344","10,934"
"2025-02-16","38,243","12,272","13,320","5,840","5,778","3,766","4,141","1,213","2,016","10,605"
"2025-02-17","33,447","11,345","10,986","5,458","5,002","3,324","3,261","1,138","2,380","9,379"
"2025-02-18","27,851","9,218","8,742","5,220","4,399","3,133","3,218","961","2,321","8,864"
"2025-02-19","28,111","8,861","8,633","5,084","4,455","3,194","3,348","927","2,367","9,137"
"2025-02-20","25,855","8,899","8,893","5,159","4,123","3,015","3,925","937","2,679","8,910"
"2025-02-21","26,301","10,577","8,919","5,075","4,293","3,501","4,280","927","2,381","9,070"
"2025-02-22","31,524","12,968","11,652","7,267","5,129","3,374","4,233","1,123","2,352","10,302"
"2025-02-23","30,516","13,088","10,357","5,707","4,981","3,352","4,123","1,143","2,020","10,689"
"2025-02-24","24,114","9,420","7,179","4,436","3,857","2,971","3,277","819","1,750","8,754"
"2025-02-25","24,022","10,059","6,361","4,809","3,540","2,848","2,327","713","1,701","8,846"
"2025-02-26","24,310","11,680","6,031","4,574","3,549","2,650","2,228","688","1,785","8,786"
"2025-02-27","23,214","14,795","6,889","4,544","3,827","2,975","2,537","674","1,669","8,989"
"2025-02-28","23,679","16,974","9,015","4,341","4,192","2,724","2,498","722","1,717","9,266"
"2025-03-01","30,442","30,310","12,102","6,284","5,445","3,000","2,354","956","1,919","11,810"
"2025-03-02","34,241","25,967","11,705","6,173","5,274","3,047","2,193","953","1,749","12,115"
"2025-03-03","28,016","15,315","7,222","5,476","3,647","2,725","2,256","702","1,602","9,743"
"2025-03-04","27,341","12,917","6,757","5,137","3,574","2,809","3,138","755","1,565","10,274"
"2025-03-05","26,883","11,931","6,856","5,339","3,734","2,883","4,375","816","1,558","11,721"
"2025-03-06","25,023","12,117","6,838","5,409","3,883","2,911","4,977","789","2,168","12,123"
"2025-03-07","26,074","13,000","9,377","5,574","4,583","2,807","3,766","912","1,991","13,810"
"2025-03-08","32,825","17,466","13,338","6,150","6,025","3,073","3,322","1,159","1,920","17,456"
"2025-03-09","29,287","15,726","11,756","5,798","5,152","3,244","2,778","1,031","1,659","15,722"
"2025-03-10","24,337","12,399","8,367","5,267","4,031","3,260","3,684","850","1,512","12,906"
"2025-03-11","24,072","10,348","7,500","5,089","3,856","2,993","4,361","775","1,403","12,147"
"2025-03-12","24,355","9,668","7,416","4,961","3,951","3,539","5,040","772","1,601","12,319"
"2025-03-13","26,883","11,138","8,015","5,150","4,133","3,677","6,832","781","1,641","12,794"
"2025-03-14","25,613","12,165","10,505","5,228","4,141","3,195","7,082","808","1,930","12,097"
"2025-03-15","34,349","16,095","13,336","5,831","5,357","3,919","6,344","1,010","1,958","14,270"
"2025-03-16","31,907","15,557","12,321","5,617","4,899","4,066","4,760","926","1,618","13,225"
"2025-03-17","26,350","11,205","8,236","4,227","3,991","3,786","4,364","739","1,568","10,873"
"2025-03-18","23,899","10,086","7,664","4,129","3,763","3,457","3,646","720","1,573","10,891"
"2025-03-19","24,654","11,141","7,810","4,091","3,558","3,654","3,188","784","1,627","10,842"
"2025-03-20","26,803","10,291","8,424","4,277","3,524","3,445","3,056","983","1,422","11,454"
"2025-03-21","28,585","11,593","10,616","5,594","4,117","3,380","2,914","1,013","1,611","11,831"
"2025-03-22","32,759","14,943","13,051","5,925","4,920","3,891","2,621","1,387","1,551","13,091"
"2025-03-23","31,904","14,310","12,930","5,954","4,539","4,259","2,697","1,344","1,435","13,095"
"2025-03-24","26,720","10,070","9,273","5,129","3,713","3,940","4,601","1,016","1,316","10,958"
"2025-03-25","26,231","9,738","8,497","5,167","3,392","3,556","6,139","1,048","1,169","10,529"
"2025-03-26","24,637","9,532","7,977","4,174","3,969","3,688","5,540","997","1,235","10,396"
"2025-03-27","25,700","9,818","7,047","5,149","3,778","3,353","4,627","950","1,225","9,806"
"2025-03-28","27,405","10,229","8,193","5,413","4,077","3,257","4,435","1,077","1,170","9,930"
"2025-03-29","31,640","12,892","10,032","5,024","5,288","3,417","3,980","1,221","1,219","10,795"
"2025-03-30","32,658","12,933","10,360","6,287","5,017","3,766","3,912","1,171","1,150","11,366"
"2025-03-31","25,928","10,011","7,549","5,321","3,952","3,100","8,514","1,008","923","9,787"
"2025-04-01","25,229","8,195","6,419","4,297","3,603","2,877","6,030","910","960","9,685"
"2025-04-02","25,138","8,622","6,561","4,230","3,598","3,033","4,776","848","1,050","10,461"
"2025-04-03","25,069","8,402","6,708","4,952","3,743","2,933","6,277","984","1,363","10,399"
"2025-04-04","25,954","8,339","8,207","5,034","3,698","2,859","4,562","1,107","1,579","10,638"
"2025-04-05","29,064","11,332","11,278","5,809","5,129","3,293","4,538","1,369","1,947","12,585"
"2025-04-06","32,219","11,525","10,795","5,320","4,644","3,307","3,863","1,354","1,779","12,167"
"2025-04-07","27,445","8,529","7,387","3,889","3,512","3,724","3,376","947","1,599","9,423"
"2025-04-08","31,326","7,538","6,744","4,110","3,294","3,076","3,414","1,022","1,284","9,176"
"2025-04-09","31,129","7,496","6,424","3,847","3,128","3,036","3,413","1,025","1,288","8,277"
"2025-04-10","27,913","8,003","6,445","4,027","2,796","2,990","3,587","897","1,274","8,173"
"2025-04-11","29,271","8,979","8,003","5,818","2,927","2,924","3,190","906","1,310","8,468"
"2025-04-12","32,887","10,718","10,748","6,298","3,648","3,122","3,343","972","1,244","9,402"
"2025-04-13","32,126","10,540","9,531","5,117","3,926","3,183","3,693","851","1,138","9,806"
"2025-04-14","25,994","7,943","7,109","4,533","3,062","3,075","3,143","654","1,158","8,256"
"2025-04-15","26,705","8,594","7,087","4,509","3,260","2,928","4,756","634","1,193","7,999"
"2025-04-16","27,140","9,666","6,982","4,610","3,595","3,150","4,141","603","1,305","7,896"
"2025-04-17","28,230","10,205","7,583","4,576","3,906","2,894","3,625","647","1,348","8,135"
"2025-04-18","30,673","12,428","9,584","4,541","4,445","3,070","3,662","734","1,365","9,033"
"2025-04-19","33,010","11,768","9,271","4,638","4,926","3,208","4,456","1,177","1,436","10,265"
"2025-04-20","35,420","10,424","8,176","4,990","4,436","3,673","3,759","1,100","1,289","9,283"
"2025-04-21","27,328","10,123","6,905","4,552","3,796","4,222","3,840","844","1,348","8,386"
"2025-04-22","24,565","8,782","6,015","4,181","3,397","3,325","3,492","906","1,522","7,555"
"2025-04-23","24,782","8,967","6,655","3,597","3,235","3,220","3,566","971","1,857","7,839"
"2025-04-24","23,373","10,098","6,489","3,535","3,408","2,912","3,630","1,015","2,228","7,588"
"2025-04-25","23,238","11,198","7,590","4,983","3,723","2,716","3,496","1,061","1,989","7,444"
"2025-04-26","27,347","12,592","9,533","5,556","4,260","2,833","3,227","1,366","2,171","8,864"
"2025-04-27","26,215","12,772","8,528","5,002","3,982","3,011","2,777","1,289","1,916","8,894"
"2025-04-28","21,285","9,402","5,615","4,681","2,890","2,855","1,959","1,056","1,724","7,287"
"2025-04-29","21,011","9,301","5,403","4,185","2,952","3,033","1,694","1,124","1,929","7,114"
"2025-04-30","22,193","9,231","5,748","3,413","3,039","2,902","1,617","1,153","2,606","7,271"
"2025-05-01","27,611","10,029","6,292","3,991","3,122","3,447","2,032","1,151","2,299","7,177"
"2025-05-02","32,987","10,746","8,086","4,165","3,593","3,035","2,223","1,266","2,122","7,144"
"2025-05-03","34,409","12,409","10,173","4,113","4,675","3,412","2,335","1,469","1,885","8,405"
"2025-05-04","24,979","8,524","7,159","4,600","4,230","3,500","2,959","1,553","1,668","8,242"
"2025-05-05","28,486","9,171","6,425","4,486","3,278","3,811","2,465","1,126","1,340","7,426"
"2025-05-06","25,377","9,749","6,288","3,281","3,404","3,373","3,017","1,155","1,337","7,208"
"2025-05-07","24,667","10,181","5,820","3,415","3,680","3,227","3,333","1,115","1,391","7,293"
"2025-05-08","24,361","9,723","5,880","3,242","3,426","3,499","4,381","1,085","1,516","7,299"
"2025-05-09","25,587","10,864","7,209","5,549","3,520","2,997","4,331","1,152","1,540","7,469"
"2025-05-10","31,910","14,842","9,515","5,238","4,567","3,629","3,623","1,316","1,744","8,990"
"2025-05-11","31,783","15,047","8,982","5,054","3,933","3,408","3,283","1,249","1,585","9,542"
"2025-05-12","25,342","11,448","6,191","4,552","3,065","3,597","3,107","1,081","1,476","8,239"
"2025-05-13","26,013","11,369","5,761","3,643","2,902","3,959","2,846","1,140","1,658","8,496"
"2025-05-14","25,771","10,848","5,519","3,940","2,986","3,804","2,821","1,091","1,581","8,215"
"2025-05-15","24,656","11,433","5,558","3,889","3,308","3,589","2,835","1,042","1,385","7,655"
"2025-05-16","24,524","12,443","7,321","4,798","3,646","3,968","2,390","1,197","1,464","8,011"
"2025-05-17","27,914","15,353","9,220","4,745","4,604","3,206","2,592","1,446","1,522","7,817"
"2025-05-18","29,608","14,367","8,260","4,829","4,165","3,439","2,348","1,460","1,457","7,780"
"2025-05-19","23,746","10,736","5,877","3,730","3,092","3,430","2,211","1,150","1,306","6,592"
"2025-05-20","25,258","10,838","5,835","3,961","3,341","3,471","2,536","1,242","1,461","6,788"
"2025-05-21","27,370","11,930","6,600","3,939","3,480","3,216","2,739","1,228","1,349","6,937"
"2025-05-22","25,383","11,289","7,208","4,015","3,303","3,555","3,501","1,220","1,604","7,343"
"2025-05-23","25,734","12,190","8,513","4,284","3,633","3,773","3,841","1,271","1,773","7,501"
"2025-05-24","30,300","16,139","10,377","4,946","3,695","4,070","3,927","1,487","2,053","8,331"
"2025-05-25","30,861","14,385","10,328","5,301","3,505","4,338","4,267","1,524","1,916","8,387"
"2025-05-26","28,619","13,351","8,749","4,417","2,813","4,325","4,179","1,356","1,970","7,041"
"2025-05-27","27,930","10,741","7,369","4,389","2,498","3,853","3,755","1,139","1,765","6,555"
"2025-05-28","28,360","10,110","7,302","4,202","2,328","3,631","3,105","1,188","2,041","6,353"
"2025-05-29","26,370","10,222","6,755","4,259","2,298","3,266","2,729","1,131","1,898","6,079"
"2025-05-30","28,691","10,979","8,088","4,591","2,448","2,903","2,476","1,190","1,980","5,909"
"2025-05-31","33,817","13,309","9,768","5,187","2,953","3,163","2,262","1,319","1,898","6,904"
"2025-06-01","32,153","12,228","9,113","5,150","3,005","3,246","2,291","1,302","1,718","7,182"
"2025-06-02","26,259","10,336","7,219","4,241","2,332","3,134","2,087","1,038","1,431","6,595"
"2025-06-03","29,834","10,400","7,527","4,203","2,816","3,008","2,081","1,034","1,570","6,719"
"2025-06-04","28,820","10,941","7,590","3,952","3,612","3,043","2,525","1,176","1,579","6,501"
"2025-06-05","27,329","10,117","7,629","5,834","3,798","3,232","2,944","1,195","1,576","6,333"
"2025-06-06","27,035","11,225","8,912","5,407","4,907","2,939","2,721","1,255","1,475","6,596"
"2025-06-07","29,731","13,125","10,272","6,106","5,570","3,455","2,616","1,389","1,541","7,558"
"2025-06-08","29,078","12,571","9,937","5,770","5,230","3,628","2,542","1,395","1,453","7,586"
"2025-06-09","24,078","10,376","8,489","5,879","3,968","3,650","2,321","1,027","1,327","6,605"
"2025-06-10","23,978","10,318","8,701","5,386","4,021","3,629","2,349","1,119","1,419","6,492"
"2025-06-11","25,061","10,083","8,697","5,684","3,666","4,002","2,096","1,112","1,480","6,550"
"2025-06-12","24,180","10,495","8,969","5,571","3,482","4,122","1,799","1,140","1,346","6,582"
"2025-06-13","25,839","11,790","9,571","6,399","3,759","5,053","1,804","1,353","1,500","6,756"
"2025-06-14","30,627","13,304","10,301","5,680","3,818","4,191","1,641","1,532","1,538","6,815"
"2025-06-15","28,148","12,903","9,965","5,866","3,213","4,336","1,394","1,590","1,464","6,747"
"2025-06-16","26,032","11,211","8,184","4,585","2,663","4,404","1,262","1,394","1,293","6,122"
"2025-06-17","29,166","11,877","8,437","4,783","2,883","4,776","1,185","1,255","1,180","6,333"
"2025-06-18","27,920","10,635","7,712","4,417","2,698","3,983","1,309","1,205","1,294","6,656"
"2025-06-19","28,058","11,467","8,236","5,382","2,558","3,809","1,355","1,104","1,613","6,713"
"2025-06-20","26,154","11,739","8,450","5,478","2,621","3,265","1,295","1,158","1,743","6,701"
"2025-06-21","28,648","13,909","9,547","5,398","2,887","3,929","1,583","1,350","1,940","7,504"
"2025-06-22","28,412","14,384","9,520","5,156","2,940","5,229","1,554","1,479","1,848","7,631"
"2025-06-23","24,512","12,534","7,962","5,208","2,419","4,716","1,475","1,104","1,597","6,622"
"2025-06-24","24,733","11,622","8,106","4,470","2,349","4,254","1,420","1,157","1,681","6,505"
"2025-06-25","22,339","12,383","8,585","4,901","2,520","4,121","1,624","1,167","2,013","6,824"
"2025-06-26","21,730","13,263","9,093","4,773","2,517","4,326","1,695","1,064","1,918","6,642"
"2025-06-27","26,641","15,469","9,973","5,325","2,698","4,383","1,675","1,054","1,806","7,340"
"2025-06-28","24,723","22,988","9,848","5,563","2,986","4,937","1,817","1,114","1,838","8,763"
"2025-06-29","26,347","22,225","10,146","5,580","3,114","5,272","1,738","1,154","1,808","8,869"
"2025-06-30","28,363","16,852","9,776","5,957","2,839","5,061","1,703","1,173","1,805","7,422"
"2025-07-01","28,781","15,228","9,397","4,188","2,444","5,191","1,709","1,067","1,846","6,719"
"2025-07-02","26,359","13,415","9,006","5,623","2,121","4,156","1,741","1,125","1,701","6,458"
"2025-07-03","27,194","13,055","9,066","5,895","1,913","4,435","1,672","1,095","1,615","6,449"
"2025-07-04","23,534","13,547","9,788","4,197","1,905","3,710","1,629","1,155","1,705","7,105"
"2025-07-05","26,243","15,006","10,577","6,192","2,068","3,651","1,801","1,296","1,745","7,539"
"2025-07-06","26,719","15,906","10,662","6,096","2,059","4,086","1,751","1,375","1,773","8,421"
"2025-07-07","24,299","13,385","10,594","5,816","1,939","4,059","1,667","1,211","1,776","7,620"
"2025-07-08","23,557","12,536","10,268","5,651","1,792","4,055","1,599","1,212","1,693","7,512"
"2025-07-09","24,096","12,531","9,753","5,477","1,777","3,688","1,579","1,088","1,536","7,428"
"2025-07-10","24,545","12,170","9,290","5,347","1,861","4,118","1,788","1,032","2,087","7,737"
"2025-07-11","22,024","12,356","8,963","5,072","2,113","3,451","1,541","1,067","2,865","7,203"
"2025-07-12","23,092","13,566","8,564","4,576","2,647","3,760","1,641","1,124","3,765","7,296"
"2025-07-13","25,728","13,675","8,110","5,282","2,714","4,107","1,686","1,131","3,527","7,705"
"2025-07-14","23,923","12,191","7,753","5,676","2,856","4,057","1,590","1,094","3,367","7,157"
"2025-07-15","22,561","11,868","7,847","5,569","2,952","4,119","1,515","1,092","3,112","6,523"
"2025-07-16","24,469","11,471","7,896","5,870","2,994","4,194","1,612","1,079","2,744","6,834"
"2025-07-17","25,262","11,347","8,217","4,018","3,301","4,400","1,780","1,134","2,272","7,173"
"2025-07-18","22,655","11,617","7,858","4,342","3,379","4,181","1,861","1,106","2,135","7,146"
"2025-07-19","25,182","13,402","8,665","6,176","3,658","4,524","1,948","1,170","2,055","7,488"
"2025-07-20","26,636","14,331","8,695","6,529","3,820","4,674","1,991","1,313","2,180","7,530"
"2025-07-21","24,034","12,668","8,223","6,112","3,418","4,597","1,774","1,296","1,994","7,094"
"2025-07-22","23,674","12,812","7,879","6,071","3,532","4,627","1,835","1,328","2,112","7,186"
"2025-07-23","24,182","13,077","7,870","6,307","3,759","4,787","1,953","1,137","1,984","7,968"
"2025-07-24","25,537","12,930","7,878","5,970","4,059","4,671","1,842","1,084","1,887","7,686"
"2025-07-25","24,711","13,330","7,672","6,380","4,786","4,386","1,832","1,115","1,989","7,913"
"2025-07-26","25,933","15,952","8,424","6,721","5,371","4,508","1,935","1,141","2,066","8,090"
